{"resolution_list": [80], "CL": [41.654086732173674], "CD": [1.663012953183175]}